{
  "timestamp": "20260621_044124",
  "generated_at": "2026-06-21T04:41:24.466223",
  "drift_results": {
    "age": {
      "type": "numerical",
      "psi": {
        "psi": 0.4355987834488356,
        "baseline_ratios": [
          0.0994,
          0.0998,
          0.1008,
          0.0966,
          0.1006,
          0.102,
          0.0992,
          0.1014,
          0.0988,
          0.1014
        ],
        "production_ratios": [
          0.047211768730756075,
          0.04858022579541567,
          0.04413274033527198,
          0.057133082449538145,
          0.06842285323297982,
          0.08313376667807047,
          0.0742387957577831,
          0.11871365035921998,
          0.13718782073212452,
          0.3212452959288402
        ],
        "bin_contributions": [
          0.038854603418955545,
          0.03687575899694109,
          0.0468035545649728,
          0.02072784413895552,
          0.012402532474336873,
          0.003858557056104128,
          0.007235033677099423,
          0.002729344665073735,
          0.012600930233352377,
          0.2535106242230441
        ],
        "bin_edges": [
          2.6,
          22.3,
          26.7,
          29.770000000000003,
          32.6,
          35.1,
          37.7,
          40.2,
          43.4,
          47.7,
          74.3
        ],
        "n_bins": 10,
        "level": "severe_drift"
      },
      "ks": {
        "statistic": 0.2769197399931577,
        "p_value": 4.889729703086396e-125,
        "alpha": 0.05,
        "is_significant": true,
        "conclusion": "Reject H0: distributions are significantly different",
        "baseline_size": 5000,
        "production_size": 2923
      }
    },
    "income": {
      "type": "numerical",
      "psi": {
        "psi": 0.1394906107397911,
        "baseline_ratios": [
          0.1,
          0.1,
          0.1,
          0.1,
          0.1,
          0.1,
          0.1,
          0.1,
          0.1,
          0.1
        ],
        "production_ratios": [
          0.2186110160793705,
          0.13102976394115634,
          0.09921313718782074,
          0.08689702360588436,
          0.0759493670886076,
          0.07115976736229901,
          0.07937050975025658,
          0.0759493670886076,
          0.0762914813547725,
          0.08552856654122477
        ],
        "bin_contributions": [
          0.0927684965137386,
          0.008385927662557136,
          6.216018821199191e-06,
          0.0018402659306461942,
          0.006616408246396832,
          0.009812675518528526,
          0.004766305513920183,
          0.006616408246396832,
          0.0064157361667929345,
          0.0022621709219926606
        ],
        "bin_edges": [
          1164.0,
          40263.089,
          47196.586,
          52014.015,
          55911.092000000004,
          59738.245,
          63478.144,
          67606.48099999999,
          72641.68600000002,
          79385.63000000002,
          112935.83
        ],
        "n_bins": 10,
        "level": "slight_drift"
      },
      "ks": {
        "statistic": 0.15557940472117687,
        "p_value": 2.017217001972541e-39,
        "alpha": 0.05,
        "is_significant": true,
        "conclusion": "Reject H0: distributions are significantly different",
        "baseline_size": 5000,
        "production_size": 2923
      }
    },
    "account_balance": {
      "type": "numerical",
      "psi": {
        "psi": 0.0993677578646039,
        "baseline_ratios": [
          0.1,
          0.1,
          0.1,
          0.1,
          0.1,
          0.1,
          0.1,
          0.1,
          0.1,
          0.1
        ],
        "production_ratios": [
          0.19876838864180638,
          0.12452959288402327,
          0.08689702360588436,
          0.09271296613068765,
          0.09066028053369826,
          0.08518645227505987,
          0.0756072528224427,
          0.0738966814916182,
          0.07834416695176188,
          0.09339719466301745
        ],
        "bin_contributions": [
          0.06785092831437259,
          0.005381135175761559,
          0.0018402659306461942,
          0.0005513504725825312,
          0.0009157673962968525,
          0.0023750231562616954,
          0.006820650463133975,
          0.007896312958002262,
          0.005285293780374758,
          0.00045103021717148245
        ],
        "bin_edges": [
          -8755.79,
          12347.456,
          16823.47,
          19767.16,
          22528.838,
          25099.175,
          27516.98,
          30212.202,
          33456.798,
          37979.193,
          59289.1
        ],
        "n_bins": 10,
        "level": "no_drift"
      },
      "ks": {
        "statistic": 0.12874615121450564,
        "p_value": 4.2044554769560175e-27,
        "alpha": 0.05,
        "is_significant": true,
        "conclusion": "Reject H0: distributions are significantly different",
        "baseline_size": 5000,
        "production_size": 2923
      }
    },
    "gender": {
      "type": "categorical",
      "psi": {
        "psi": 0.0019118899419238336,
        "baseline_ratios": [
          0.5104,
          0.4896
        ],
        "production_ratios": [
          0.48853917208347586,
          0.5114608279165241
        ],
        "bin_contributions": [
          0.0009569593872952337,
          0.0009549305546285998
        ],
        "categories": [
          "F",
          "M"
        ],
        "level": "no_drift"
      },
      "chi2": {
        "statistic": 5.589976108077623,
        "p_value": 0.01806354254824047,
        "alpha": 0.05,
        "degrees_of_freedom": 1,
        "is_significant": true,
        "conclusion": "Reject H0: distributions are significantly different",
        "cramers_v": 0.04373111677163407,
        "effect_size": "negligible",
        "categories": [
          "F",
          "M"
        ],
        "observed_counts": [
          1428,
          1495
        ],
        "expected_counts": [
          1491.8991999999998,
          1431.1008
        ],
        "baseline_size": 2923,
        "production_size": 2923
      }
    },
    "occupation": {
      "type": "categorical",
      "psi": {
        "psi": 0.05322587858628489,
        "baseline_ratios": [
          0.1542,
          0.3048,
          0.1948,
          0.149,
          0.1972
        ],
        "production_ratios": [
          0.108450222374273,
          0.24940130003421143,
          0.2606910708176531,
          0.1460827916524119,
          0.23537461512145055
        ],
        "bin_contributions": [
          0.016102053915518076,
          0.011112568040271116,
          0.019198198872721794,
          5.768131550439984e-05,
          0.006755376442269506
        ],
        "categories": [
          "doctor",
          "engineer",
          "manager",
          "student",
          "teacher"
        ],
        "level": "no_drift"
      },
      "chi2": {
        "statistic": 156.02164375008812,
        "p_value": 1.0423584953585574e-32,
        "alpha": 0.05,
        "degrees_of_freedom": 4,
        "is_significant": true,
        "conclusion": "Reject H0: distributions are significantly different",
        "cramers_v": 0.23103512753995378,
        "effect_size": "small",
        "categories": [
          "doctor",
          "engineer",
          "manager",
          "student",
          "teacher"
        ],
        "observed_counts": [
          317,
          729,
          762,
          427,
          688
        ],
        "expected_counts": [
          450.7266,
          890.9304000000001,
          569.4004,
          435.527,
          576.4155999999999
        ],
        "baseline_size": 2923,
        "production_size": 2923
      }
    },
    "region": {
      "type": "categorical",
      "psi": {
        "psi": 0.018255363311721944,
        "baseline_ratios": [
          0.2902,
          0.2504,
          0.2574,
          0.202
        ],